<?xml version="1.0" encoding="UTF-8"?>
<beans xmlns="http://www.springframework.org/schema/beans"
	xmlns:xsi="http://www.w3.org/2001/XMLSchema-instance" xmlns:p="http://www.springframework.org/schema/p"
	xmlns:aop="http://www.springframework.org/schema/aop"
	xsi:schemaLocation="http://www.springframework.org/schema/beans
		http://www.springframework.org/schema/beans/spring-beans-4.0.xsd
		http://www.springframework.org/schema/aop 
		http://www.springframework.org/schema/aop/spring-aop-4.0.xsd ">

	<!-- 导入applicationContext -->
	<import resource="applicationContext.xml" />

	<!-- AppBean -->
	<bean id="fw.appBean" class="cn.laocu.spring.AppBean" />

	<!-- 定时器工厂
	<bean id="app.startQuertz" lazy-init="false" autowire="no"
		class="org.springframework.scheduling.quartz.SchedulerFactoryBean">
		<property name="triggers">
			<list>
				<ref bean="ftp.ftpDoTime" />
			</list>
		</property>
	</bean>
 -->
</beans>