<?xml version="1.0" encoding="UTF-8"?>
<beans xmlns="http://www.springframework.org/schema/beans"
	xmlns:xsi="http://www.w3.org/2001/XMLSchema-instance" xmlns:jee="http://www.springframework.org/schema/jee"
	xmlns:tx="http://www.springframework.org/schema/tx" xmlns:context="http://www.springframework.org/schema/context"
	xmlns:task="http://www.springframework.org/schema/task" xmlns:aop="http://www.springframework.org/schema/aop"
	xsi:schemaLocation="http://www.springframework.org/schema/beans 
						http://www.springframework.org/schema/beans/spring-beans-4.0.xsd
						http://www.springframework.org/schema/tx 
						http://www.springframework.org/schema/tx/spring-tx-4.0.xsd
						http://www.springframework.org/schema/jee 
						http://www.springframework.org/schema/jee/spring-jee-4.0.xsd
						http://www.springframework.org/schema/aop 
						http://www.springframework.org/schema/aop/spring-aop-4.0.xsd
						http://www.springframework.org/schema/context 
						http://www.springframework.org/schema/context/spring-context-4.0.xsd
						http://www.springframework.org/schema/task 
						http://www.springframework.org/schema/task/spring-task-4.0.xsd"
	default-lazy-init="true">

	<bean class="cn.laocu.spring.PropertiesConfigurer">
		<property name="locations">
			<list>
				<value>file:conf/properties/jdbc.properties</value>
				<value>file:conf/properties/app.properties</value>
			</list>
		</property>
	</bean>

	<!-- 导入数据源配置 -->
	<import resource="applicationContext-dataSource.xml" />

	<!-- 设置需要进行Spring注解扫描的类包 -->
	<context:annotation-config />
	<context:component-scan base-package="com.nsn.ftp.transfer.app">
		<context:include-filter type="regex" expression="com\\.nsn\\.ftp\\.transfer\\.app\\.*"/>
	</context:component-scan>

	<!-- 使用AspectJ方式配置AOP -->
	<aop:aspectj-autoproxy proxy-target-class="true" />
	<aop:config proxy-target-class="true" />

	<!-- 使用定时任务 -->
	<task:executor id="taskExecutor" pool-size="8-8" queue-capacity="1000" keep-alive="3600" rejection-policy="CALLER_RUNS" />
	<!-- 使用定时任务-开启注解 -->
	<task:annotation-driven executor="taskExecutor" />

	<!-- 使用注解方式定义事务 -->
	<tx:annotation-driven proxy-target-class="true" transaction-manager="txManager" />

</beans>